Customer ID,Customer Name,Lifetime Sales,Lifetime Profit,Total Orders
AA-10315,Alex Avila,5563.56,-362.8825,5
AA-10375,Allen Armold,1056.39,277.3824,9
AA-10480,Andrew Allen,1790.5120000000002,435.8274,4
AA-10645,Anna Andreadi,5086.9349999999995,857.8033,6
AB-10015,Aaron Bergman,886.156,129.3465,3
AB-10060,Adam Bellavance,7755.62,2054.5885,8
AB-10105,Adrian Barton,14473.570999999998,5444.8055,10
AB-10150,Aimee Bixby,966.71,313.6597,5
AB-10165,Alan Barnes,1113.838,220.813,8
AB-10255,Alejandro Ballentine,914.5319999999999,264.5675,9
AB-10600,Ann Blume,1515.862,-274.9604,4
AC-10420,Alyssa Crouse,925.8,-62.1342,3
AC-10450,Amy Cox,5527.846,1366.0098,7
AC-10615,Ann Chong,2537.6859999999997,298.8273,5
AC-10660,Anna Chung,657.316,-28.700399999999995,5
AD-10180,Alan Dominguez,6106.88,1869.9294,8
AF-10870,Art Ferguson,2052.908,317.9712,7
AF-10885,Art Foster,861.565,-163.1175,4
AG-10270,Alejandro Grove,2582.898,732.7399,5
AG-10300,Aleksandra Gannaway,367.548,59.288399999999996,4
AG-10330,Alex Grayson,660.972,-5.137100000000006,5
AG-10390,Allen Goldenen,200.945,69.2784,5
AG-10495,Andrew Gjertsen,2356.855,295.6668,8
AG-10525,Andy Gerbode,1455.038,-152.7613,4
AG-10675,Anna Gayman,3489.0396000000005,-246.42570000000003,7
AG-10765,Anthony Garverick,170.584,-8.431000000000001,4
AG-10900,Arthur Gainer,4510.797,343.6824,10
AH-10030,Aaron Hawkins,1744.7,365.2152,7
AH-10075,Adam Hart,3250.337,281.189,10
AH-10120,Adrian Hane,1735.5140000000001,-2.3145999999999773,7
AH-10195,Alan Haines,1587.452,-378.5509,4
AH-10210,Alan Hwang,4805.344,1308.5546,9
AH-10465,Amy Hunt,2495.3916,-196.12009999999998,5
AH-10585,Angele Hood,738.504,83.96300000000001,4
AH-10690,Anna Häberlin,7888.294,1298.0166,12
AI-10855,Arianne Irving,4375.786,867.7271000000001,10
AJ-10780,Anthony Jacobs,4867.344,150.71300000000005,7
AJ-10795,Anthony Johnson,4501.391,1158.7064,7
AJ-10945,Ashley Jarboe,1839.24,521.1351999999999,7
AJ-10960,Astrea Jones,629.2479999999999,60.4265,3
AM-10360,Alice McCarthy,814.012,194.9878,5
AM-10705,Anne McFarland,5664.022,1085.7326,8
AO-10810,Anthony O'Donnell,161.28,12.096,1
AP-10720,Anne Pryor,1638.554,285.7888,8
AP-10915,Arthur Prichep,3323.556,579.3113,10
AR-10345,Alex Russell,1055.694,-221.0544,4
AR-10405,Allen Rosenblatt,2236.128,-98.7646,5
AR-10510,Andrew Roberts,264.86400000000003,43.6695,5
AR-10540,Andy Reiter,6608.448,2884.6208,6
AR-10570,Anemone Ratner,88.15,32.633,1
AR-10825,Anthony Rawles,4523.336,494.83519999999993,8
AS-10045,Aaron Smayling,3050.692,-253.57459999999998,7
AS-10090,Adam Shillingsburg,3255.31,64.53739999999998,9
AS-10135,Adrian Shami,58.82,21.8496,2
AS-10225,Alan Schoenberger,4260.784,719.7751000000001,5
AS-10240,Alan Shonely,584.6080000000001,33.715799999999994,7
AS-10285,Alejandro Savely,3214.236,354.62760000000003,6
AS-10630,Ann Steele,833.398,136.49190000000002,7
AT-10435,Alyssa Tate,1171.814,100.87680000000002,6
AT-10735,Annie Thurman,3831.864,974.107,10
AW-10840,Anthony Witt,649.376,65.77250000000001,4
AW-10930,Arthur Wiediger,2852.968,-104.5486,7
AY-10555,Andy Yotov,497.014,103.3499,4
AZ-10750,Annie Zypern,1622.0179999999998,154.9503,6
BB-10990,Barry Blumstein,744.3399999999999,11.583900000000007,5
BB-11545,Brenda Bowman,6765.728,1015.0749999999999,9
BC-11125,Becky Castell,2933.676,251.5974,9
BD-11320,Bill Donatelli,5718.521,1094.5037,12
BD-11500,Bradley Drucker,4411.2429999999995,1142.1225,6
BD-11560,Brendan Dodson,320.54,116.714,2
BD-11605,Brian Dahlen,3288.471,634.8463,7
BD-11620,Brian DeCherney,1538.11,206.75689999999997,6
BD-11635,Brian Derr,582.646,141.53400000000002,3
BD-11725,Bruce Degenhardt,1526.5,333.9791,6
BD-11770,Bryan Davis,658.466,141.265,6
BE-11335,Bill Eplett,4204.676,1487.7739000000001,5
BE-11410,Bobby Elias,2261.438,755.9150999999999,5
BE-11455,Brad Eason,1727.652,139.20080000000002,6
BF-10975,Barbara Fisher,599.798,227.4384,7
BF-11005,Barry Franz,1333.88,-291.38109999999995,4
BF-11020,Barry Französisch,2888.506,302.02,8
BF-11080,Bart Folk,272.95,110.9272,3
BF-11170,Ben Ferrer,5907.972,1538.2127,11
BF-11215,Benjamin Farhat,1585.162,523.2133,4
BF-11275,Beth Fritzler,791.9899999999999,25.870199999999997,3
BG-11035,Barry Gonzalez,2798.948,-711.4274,8
BG-11695,Brooke Gillingham,1874.172,107.5715,6
BG-11740,Bruce Geld,1006.356,119.34790000000001,6
BH-11710,Brosina Hoffman,6255.351,802.7898,8
BK-11260,Berenike Kampe,659.1379999999999,-63.764399999999995,6
BM-11140,Becky Martin,11789.63,-1659.9580999999998,4
BM-11575,Brendan Murry,808.162,95.58160000000001,6
BM-11650,Brian Moss,7294.185,2199.2781,11
BM-11785,Bryan Mills,1338.842,137.7439,10
BN-11470,Brad Norvell,265.296,36.6131,4
BN-11515,Bradley Nguyen,1459.344,340.7054,5
BO-11350,Bill Overfelt,2682.728,278.77700000000004,5
BO-11425,Bobby Odegard,130.83,59.4522,2
BP-11050,Barry Pond,983.42,209.78300000000002,5
BP-11095,Bart Pistole,2442.044,433.9751,12
BP-11155,Becky Pak,1697.8609999999999,647.3847000000001,6
BP-11185,Ben Peterman,3675.861,363.5991,9
BP-11230,Benjamin Patterson,1181.49,-197.2695,5
BP-11290,Beth Paige,2475.157,-319.0637,7
BS-11365,Bill Shonely,10501.653,2616.0643999999998,5
BS-11380,Bill Stewart,3887.834,-17.532200000000024,5
BS-11590,Brendan Sweed,2454.928,381.7807,6
BS-11665,Brian Stugart,3288.1099999999997,238.73680000000002,3
BS-11755,Bruce Stewart,2562.382,-113.29840000000003,7
BS-11800,Bryan Spruell,949.4300000000001,194.0516,2
BT-11305,Beth Thompson,2567.656,417.5918,5
BT-11395,Bill Tyler,2186.6130000000003,257.9163,6
BT-11440,Bobby Trafton,603.876,-77.5256,4
BT-11485,Brad Thomas,415.19599999999997,126.8694,2
BT-11530,Bradley Talbott,2684.4919999999997,409.4983,5
BT-11680,Brian Thompson,3196.752,447.74839999999995,7
BV-11245,Benjamin Venier,1523.2730000000001,315.2214,5
BW-11065,Barry Weirich,385.516,-58.28659999999999,3
BW-11110,Bart Watters,4750.358,921.2574,8
BW-11200,Ben Wallace,1738.406,246.9973,6
CA-11965,Carol Adams,3789.7228,1143.3817,6
CA-12055,Cathy Armstrong,1679.7240000000002,211.2559,5
CA-12265,Christina Anderson,2648.2872,279.6183,9
CA-12310,Christine Abelman,1421.954,246.02179999999998,4
CA-12775,Cynthia Arntzen,3041.566,204.48950000000002,7
CB-12025,Cassandra Brandow,6076.139,150.2089,10
CB-12415,Christy Brittain,1949.2,272.3883,8
CB-12535,Claudia Bergmann,4246.4555,1049.5601,8
CC-12100,Chad Cunningham,1770.945,208.5912,6
CC-12145,Charles Crestani,2471.65,392.2825,7
CC-12220,Chris Cortes,3913.418,393.9618,12
CC-12370,Christopher Conant,12129.072000000002,2177.0493,5
CC-12430,Chuck Clark,2870.05,424.6583,10
CC-12475,Cindy Chapman,1659.438,154.851,9
CC-12550,Clay Cheatham,113.832,33.870599999999996,3
CC-12610,Corey Catlett,2540.631,331.434,7
CC-12670,Craig Carreira,2269.7015,187.8399,7
CC-12685,Craig Carroll,2854.1150000000002,850.1591,4
CD-11920,Carlos Daly,2033.968,426.661,5
CD-11980,Carol Darley,639.766,-206.7172,3
CD-12280,Christina DeMoss,1205.584,233.0274,2
CD-12790,Cynthia Delaney,1860.732,403.8422,5
CG-12040,Catherine Glotzbach,904.4680000000001,86.5106,6
CG-12520,Claire Gute,1148.7800000000002,169.93439999999998,3
CH-12070,Cathy Hwang,1537.236,195.15109999999999,3
CJ-11875,Carl Jackson,16.52,1.652,1
CJ-12010,Caroline Jumper,11164.974,858.7414,8
CK-12205,Chloris Kastensmidt,3154.855,141.2831,13
CK-12325,Christine Kargatis,2945.321,261.22090000000003,5
CK-12595,Clytie Kelty,2372.75,497.70980000000003,11
CK-12760,Cyma Kinney,1582.109,-338.4311,9
CL-11890,Carl Ludwig,1262.0140000000001,328.0847,4
CL-12565,Clay Ludtke,10880.546,1933.7830999999999,12
CL-12700,Craig Leslie,2353.586,229.00990000000002,5
CM-11815,Candace McMahon,1673.888,214.463,6
CM-11935,Carlos Meador,565.392,-43.732400000000005,2
CM-12115,Chad McGuire,1661.6100000000001,409.0679,4
CM-12160,Charles McCrossin,2533.314,-394.3686,6
CM-12190,Charlotte Melton,1475.144,91.2033,6
CM-12235,Chris McAfee,2305.712,365.0387,5
CM-12385,Christopher Martinez,8954.019999999999,3899.8903999999998,4
CM-12445,Chuck Magee,287.99,64.4296,3
CM-12655,Corinna Mitchell,6339.5576,1572.4585,6
CM-12715,Craig Molinari,3984.4524,176.3108,4
CP-12085,Cathy Prescott,5402.254,427.0258,8
CP-12340,Christine Phan,5888.275,-1850.3029000000001,8
CR-12580,Clay Rozendal,2148.852,74.40129999999999,4
CR-12625,Corey Roper,475.9,144.7594,3
CR-12730,Craig Reiter,1600.55,306.9176,4
CR-12820,Cyra Reiten,1397.8724,83.27029999999999,3
CS-11845,Cari Sayre,1278.954,185.3776,5
CS-11860,Cari Schnelling,537.632,105.8275,6
CS-11950,Carlos Soltero,3036.547,-126.4223,11
CS-12130,Chad Sievert,884.64,143.8339,4
CS-12175,Charles Sheldon,844.4580000000001,113.1405,5
CS-12250,Chris Selesnick,2754.216,738.3626,12
CS-12355,Christine Sundaresam,3202.1620000000003,831.9432,11
CS-12400,Christopher Schild,3651.8585000000003,-342.80330000000004,9
CS-12460,Chuck Sachs,550.644,156.2593,2
CS-12490,Cindy Schnelling,1077.2285,-302.8761,4
CS-12505,Cindy Stewart,5690.054999999999,-6626.389499999999,6
CT-11995,Carol Triggs,3241.898,161.22629999999995,8
CV-12295,Christina VanderZanden,2830.6279999999997,493.0861,5
CV-12805,Cynthia Voltz,2370.3136,98.99749999999999,9
CW-11905,Carl Weiss,1136.592,370.8298,6
CY-12745,Craig Yedwab,2900.026,60.64670000000001,8
Co-12640,Corey-Lock,1300.076,205.62820000000002,5
DA-13450,Dianna Arnett,156.76,56.7904,4
DB-12910,Daniel Byrd,2171.599,431.3748,8
DB-12970,Darren Budd,2839.2272,213.00289999999998,5
DB-13060,Dave Brooks,4531.646,473.0272,7
DB-13120,David Bremer,2973.094,-1421.7692,7
DB-13210,Dean Braden,2332.577,169.9679,10
DB-13270,Deborah Brumfield,4655.897,841.8263999999999,8
DB-13360,Dennis Bolton,1081.466,291.0085,5
DB-13405,Denny Blanton,1711.692,438.9092,4
DB-13555,Dorothy Badders,3908.8028,109.32700000000001,7
DB-13615,Doug Bickford,1989.05,438.80119999999994,7
DB-13660,Duane Benoit,1155.202,177.67350000000002,7
DC-12850,Dan Campbell,3336.168,-1441.6312999999998,9
DC-13285,Debra Catini,1174.618,132.06820000000002,5
DD-13570,Dorothy Dickinson,269.542,36.4344,6
DE-13255,Deanra Eno,2550.874,464.47139999999996,5
DF-13135,David Flashing,2390.534,-259.3097,3
DG-13300,Deirdre Greer,3195.818,562.7761,5
DH-13075,Dave Hallsten,4932.872,1193.7404,6
DH-13675,Duane Huffman,1043.096,116.667,4
DJ-13420,Denny Joy,2012.52,483.03499999999997,4
DJ-13510,Don Jones,2501.6879999999996,345.2521,8
DJ-13630,Doug Jacobs,3356.398,731.5644,3
DK-12835,Damala Kotsonis,3256.48,881.1228000000001,12
DK-12895,Dana Kaydos,4282.176,937.6496,5
DK-12985,Darren Koutras,1687.04,-107.35379999999998,5
DK-13090,Dave Kipp,2650.557,536.3935,7
DK-13150,David Kendrick,797.832,249.9447,2
DK-13225,Dean Katz,4802.394,209.89940000000004,9
DK-13375,Dennis Kane,3318.486,377.0799,8
DL-12865,Dan Lawera,1503.112,322.2449,8
DL-12925,Daniel Lacy,3272.2,4.213200000000029,6
DL-13315,Delfina Latchford,1458.258,288.8732,8
DL-13330,Denise Leinenbach,585.02,222.6812,4
DL-13495,Dionis Lloyd,3539.322,-52.78799999999997,8
DM-12955,Dario Medina,1322.034,108.7583,7
DM-13015,Darrin Martin,6345.103,1677.3931,7
DM-13345,Denise Monton,4074.4719999999998,1319.0586,8
DM-13525,Don Miller,1376.792,199.7688,3
DN-13690,Duane Noonan,2139.79,540.5405000000001,7
DO-13435,Denny Ordway,1300.0315,-38.90860000000001,9
DO-13645,Doug O'Connell,1267.316,294.0676,7
DP-13000,Darren Powers,1050.636,241.4524,9
DP-13105,Dave Poirier,2215.002,563.1761,8
DP-13165,David Philippe,1058.616,-40.93759999999999,2
DP-13390,Dennis Pardue,5480.723999999999,1571.8318,9
DR-12880,Dan Reichenbach,6528.034000000001,1641.8613,9
DR-12940,Daniel Raglin,8350.868,2869.0759999999996,8
DS-13030,Darrin Sayre,1762.213,193.3319,4
DS-13180,David Smith,2881.8128,163.6993,9
DV-13045,Darrin Van Huff,1119.483,-427.184,5
DV-13465,Dianna Vittorini,3341.587,353.2127,6
DW-13195,David Wiener,1080.751,-86.87379999999999,6
DW-13480,Dianna Wilson,5271.628,1348.7556,5
DW-13540,Don Weiss,344.08,69.6672,5
DW-13585,Dorothy Wardle,1204.854,-266.8966,7
Dl-13600,Dorris liebe,755.602,175.2388,5
Dp-13240,Dean percer,7198.7609999999995,333.36479999999995,11
EA-14035,Erin Ashbrook,2846.705,-52.74059999999998,13
EB-13705,Ed Braxton,3644.978,13.621500000000005,9
EB-13750,Edward Becker,3236.314,-80.28599999999999,10
EB-13840,Ellis Ballard,4358.128,656.1988,5
EB-13870,Emily Burns,2767.219,261.5315,10
EB-13930,Eric Barreto,944.6000000000001,0.6042000000000058,5
EB-13975,Erica Bern,1643.255,162.8781,4
EB-14110,Eugene Barchas,3071.126,184.7656,6
EB-14170,Evan Bailliet,1186.326,282.1701,6
EC-14050,Erin Creighton,461.914,96.4256,5
ED-13885,Emily Ducich,3484.92,670.4435000000001,8
EG-13900,Emily Grady,1832.02,104.2656,5
EH-13765,Edward Hooks,10310.880000000001,1393.5154,12
EH-13945,Eric Hoffmann,684.1709999999999,53.53980000000001,8
EH-13990,Erica Hackney,825.9499999999999,150.3759,6
EH-14005,Erica Hernandez,1219.53,-94.14079999999997,7
EH-14125,Eugene Hildebrand,3082.653,96.27019999999999,10
EH-14185,Evan Henry,923.884,242.1107,6
EJ-13720,Ed Jacobs,2162.174,387.0176,4
EJ-14155,Eva Jacobs,2656.691,451.87550000000005,5
EK-13795,Eileen Kiefer,1303.478,97.10659999999999,4
EL-13735,Ed Ludwig,124.28,27.1154,2
EM-13810,Eleni McCrary,2567.0099999999998,-133.8275,5
EM-13825,Elizabeth Moffitt,2339.598,682.5541999999999,8
EM-13960,Eric Murdock,933.704,102.29599999999999,5
EM-14065,Erin Mull,228.99,40.15459999999999,4
EM-14095,Eudokia Martin,1041.0420000000001,240.2362,4
EM-14140,Eugene Moren,4588.436000000001,1319.3655,6
EM-14200,Evan Minnotte,366.822,21.7721,3
EN-13780,Edward Nazzal,2199.366,496.1131,4
EP-13915,Emily Phan,5478.0608,144.9578,17
ER-13855,Elpida Rittenbach,1245.788,-295.7398,3
ES-14020,Erica Smith,3510.4579999999996,1003.2935,5
ES-14080,Erin Smith,4657.924,246.6661,9
FA-14230,Frank Atkinson,2984.054,520.5229,7
FC-14245,Frank Carlisle,3418.742,1217.1662000000001,7
FC-14335,Fred Chung,3889.366,714.2926,7
FG-14260,Frank Gastineau,1383.144,394.73969999999997,7
FH-14275,Frank Hawley,4256.272,1073.2676,10
FH-14350,Fred Harton,2271.284,706.289,4
FH-14365,Fred Hopkins,6987.196,2050.2826,8
FM-14215,Filia McAdams,2456.638,249.6808,10
FM-14290,Frank Merwin,3736.198,198.10949999999997,9
FM-14380,Fred McMath,2523.266,191.4898,9
FO-14305,Frank Olsen,2678.438,215.59689999999998,10
FP-14320,Frank Preis,4046.746,406.44730000000004,8
FW-14395,Fred Wasserman,79.75,23.491300000000003,3
GA-14515,George Ashbrook,3919.7760000000003,840.899,8
GA-14725,Guy Armstrong,1398.382,136.70790000000002,11
GB-14530,George Bell,1568.44,7.837100000000003,11
GB-14575,Giulietta Baptist,4716.288,1135.8393,5
GD-14590,Giulietta Dortch,1888.07,230.93729999999996,4
GG-14650,Greg Guthrie,2224.0,12.698500000000008,9
GH-14410,Gary Hansen,2819.4669999999996,-576.8335,9
GH-14425,Gary Hwang,4172.8460000000005,1176.4181,4
GH-14485,Gene Hale,1361.2440000000001,-95.4498,2
GH-14665,Greg Hansen,146.94080000000002,-5.810200000000001,2
GK-14620,Grace Kelly,6497.27,1448.5525,9
GM-14440,Gary McGarr,3582.8199999999997,347.266,7
GM-14455,Gary Mitchum,3078.624,793.2814000000001,6
GM-14500,Gene McClure,1255.682,441.3185,10
GM-14680,Greg Matthias,3163.628,35.48649999999999,6
GM-14695,Greg Maxwell,6049.966,188.7235,3
GP-14740,Guy Phonely,236.53,31.837600000000002,2
GR-14560,Georgia Rosenberg,1284.38,359.83320000000003,2
GT-14635,Grant Thornton,9351.212,-4108.6589,3
GT-14710,Greg Tran,11820.119999999999,2163.4269,11
GT-14755,Guy Thornton,226.436,-6.139200000000002,4
GW-14605,Giulietta Weimer,2189.019,-268.54229999999995,7
GZ-14470,Gary Zandusky,4355.150000000001,1087.7539,9
GZ-14545,George Zrebassa,2454.6220000000003,828.661,4
HA-14905,Helen Abelman,2163.3,270.8574,7
HA-14920,Helen Andreada,2584.158,99.1445,8
HD-14785,Harold Dahlen,251.36,-135.87599999999998,3
HE-14800,Harold Engle,883.5319999999999,274.4028,4
HF-14995,Herbert Flentye,2533.1639999999998,-13.876799999999989,7
HG-14845,Harry Greene,785.628,147.0032,5
HG-14965,Henry Goldwyn,3247.642,-2797.9635000000003,12
HG-15025,Hunter Glantz,3690.284,804.6113,7
HH-15010,Hilary Holden,218.668,86.7342,2
HJ-14875,Heather Jas,358.1,98.6548,5
HK-14890,Heather Kirkland,4877.784,956.9451,8
HL-15040,Hunter Lopez,12873.297999999999,5622.4292000000005,6
HM-14860,Harry Marie,8236.7648,2437.9836,10
HM-14980,Henry MacAllister,736.276,117.2755,4
HP-14815,Harold Pawlan,1990.314,373.8637,7
HR-14770,Hallie Redmond,1299.288,185.5794,5
HR-14830,Harold Ryan,5248.787,1196.9504,7
HW-14935,Helen Wasserman,9300.254,2164.1611,8
HZ-14950,Henia Zydlo,886.52,-130.3879,5
IG-15085,Ivan Gibson,744.574,320.4982,4
IL-15100,Ivan Liston,5040.736,1121.937,7
IM-15055,Ionia McGrath,2872.63,975.7701,3
IM-15070,Irene Maddox,4930.474,514.6527,7
JA-15970,Joseph Airdo,6491.026,-819.4217000000001,8
JB-15400,Jennifer Braxton,1791.605,156.05319999999998,10
JB-15925,Joni Blumstein,900.552,-286.9808,3
JB-16000,Joy Bell-,644.1188,126.76490000000001,7
JB-16045,Julia Barnett,2518.115,201.51850000000002,5
JC-15340,Jasper Cacioppo,71.263,-0.35560000000000036,4
JC-15385,Jenna Caffey,1058.108,502.92440000000005,1
JC-15775,John Castell,2772.055,279.56919999999997,9
JC-16105,Julie Creighton,858.576,201.5952,5
JD-15790,John Dryer,2152.352,-266.55249999999995,5
JD-15895,Jonathan Doherty,7610.8640000000005,1050.2667999999999,11
JD-16015,Joy Daniels,385.43,26.7605,6
JD-16060,Julia Dunbar,695.442,111.11410000000001,3
JD-16150,Justin Deggeller,8828.0305,1619.5199,8
JE-15475,Jeremy Ellison,1388.682,276.2197,6
JE-15610,Jim Epp,7754.976,1623.4019,7
JE-15715,Joe Elijah,8697.842999999999,1262.2926,10
JE-15745,Joel Eaton,6760.8150000000005,221.79670000000002,13
JE-16165,Justin Ellison,2697.248,789.6476,3
JF-15190,Jamie Frazer,2279.5860000000002,575.1259,7
JF-15295,Jason Fortune-,955.124,97.28899999999999,5
JF-15355,Jay Fein,1911.844,330.199,6
JF-15415,Jennifer Ferguson,2371.448,635.6376,6
JF-15490,Jeremy Farry,1082.918,-18.06730000000001,11
JF-15565,Jill Fjeld,4198.332,1073.2088,8
JG-15115,Jack Garza,2358.676,684.1911,3
JG-15160,James Galang,6366.392,1415.6664,11
JG-15310,Jason Gross,2240.58,3.7976000000000063,6
JG-15805,John Grady,1507.018,206.1019,6
JH-15430,Jennifer Halladay,309.281,-24.077100000000005,4
JH-15820,John Huston,528.91,26.082199999999997,6
JH-15910,Jonathan Howell,959.477,-13.554499999999996,7
JH-15985,Joseph Holt,7954.9980000000005,-644.6982,6
JH-16180,Justin Hirsh,2256.3940000000002,-96.95300000000002,4
JJ-15445,Jennifer Jackson,709.178,200.5558,5
JJ-15760,Joel Jenkins,195.0,34.449200000000005,2
JK-15205,Jamie Kunitz,4427.142,1219.983,5
JK-15325,Jason Klamczynski,383.812,55.32769999999999,3
JK-15370,Jay Kimmel,2709.632,330.2838,8
JK-15625,Jim Karlsson,3760.028,750.9485,7
JK-15640,Jim Kriz,4760.434,1172.5303,9
JK-15730,Joe Kamberova,4867.2,55.0483,10
JK-16090,Juliana Krohn,3747.668,586.6625,3
JK-16120,Julie Kriz,2932.484,122.6566,10
JL-15130,Jack Lebron,1214.956,-207.79559999999998,6
JL-15175,James Lanier,1571.523,209.2817,5
JL-15235,Janet Lee,2203.7,54.51740000000002,5
JL-15505,Jeremy Lonsdale,3173.874,591.7163,6
JL-15835,John Lee,9799.923,228.907,11
JL-15850,John Lucas,2725.256,779.9046,6
JM-15250,Janet Martin,3159.1220000000003,19.82350000000004,6
JM-15265,Janet Molinari,1804.146,502.6143,5
JM-15535,Jessica Myrick,1733.443,356.5395,7
JM-15580,Jill Matthias,303.948,113.1204,5
JM-15655,Jim Mitchum,864.947,117.20400000000001,5
JM-15865,John Murray,7625.076000000001,1574.6163999999999,7
JM-16195,Justin MacKendrick,2833.9260000000004,754.1144,10
JO-15145,Jack O'Briant,3254.949,581.4045,9
JO-15280,Jas O'Carroll,1934.272,202.13619999999997,6
JO-15550,Jesus Ocampo,1090.838,167.6709,5
JP-15460,Jennifer Patt,1669.135,429.7465,7
JP-15520,Jeremy Pistek,3635.594,757.1802,7
JP-16135,Julie Prescott,1707.71,309.7116,9
JR-15670,Jim Radford,1156.658,-785.1645,2
JR-15700,Jocasta Rupert,863.88,107.985,1
JR-16210,Justin Ritter,2201.686,452.37300000000005,5
JS-15595,Jill Stevenson,1417.654,-175.54899999999998,4
JS-15685,Jim Sink,1131.0639999999999,-54.8692,4
JS-15880,John Stevenson,3868.02,564.9798000000001,5
JS-15940,Joni Sundaresam,469.169,-327.9336,5
JS-16030,Joy Smith,2516.494,-311.25749999999994,6
JW-15220,Jane Waco,7721.714,2173.7093999999997,6
JW-15955,Joni Wasserman,1244.086,-29.575899999999987,7
JW-16075,Julia West,1428.731,154.06369999999998,4
KA-16525,Kelly Andreada,1519.506,234.9194,7
KB-16240,Karen Bern,3152.6150000000002,763.9076,7
KB-16315,Karl Braun,1569.464,49.71929999999999,9
KB-16405,Katrina Bavinger,908.821,274.297,3
KB-16585,Ken Black,2744.742,579.3551,12
KB-16600,Ken Brennan,983.922,293.55240000000003,7
KC-16255,Karen Carlisle,2120.954,846.1217,6
KC-16540,Kelly Collister,3908.262,709.4219,4
KC-16675,Kimberly Carter,1146.05,156.7797,4
KD-16270,Karen Daniels,8282.358,1107.6952000000003,5
KD-16345,Katherine Ducich,1888.964,328.5942,6
KD-16495,Keith Dawkins,8181.256,3038.6254,12
KD-16615,Ken Dana,2243.5099999999998,539.7219,5
KE-16420,Katrina Edelman,1686.7312,397.87989999999996,8
KF-16285,Karen Ferguson,10604.266,1660.1386,7
KH-16330,Katharine Harms,3312.864,454.7871,8
KH-16360,Katherine Hughes,3100.612,528.2051,6
KH-16510,Keith Herrera,5952.859,656.1162,7
KH-16630,Ken Heidel,3918.9660000000003,727.3786,9
KH-16690,Kristen Hastings,5990.799,1227.5091,7
KL-16555,Kelly Lampkin,5016.488,-182.78130000000002,8
KL-16645,Ken Lonsdale,14175.229000000001,806.855,12
KM-16225,Kalyca Meade,2260.958,635.1057000000001,6
KM-16375,Katherine Murray,5620.186,973.7901999999999,8
KM-16660,Khloe Miller,453.538,91.1391,5
KM-16720,Kunst Miller,4909.472,745.7685,8
KN-16390,Katherine Nockton,2617.272,-151.1518,9
KN-16450,Kean Nguyen,2171.962,114.3083,5
KN-16705,Kristina Nunn,2280.58,329.76250000000005,8
KS-16300,Karen Seio,88.472,0.11099999999999888,3
KT-16465,Kean Takahito,3057.1,254.0032,7
KT-16480,Kean Thornton,4642.088400000001,194.0671,10
KW-16435,Katrina Willman,4416.5199999999995,1756.135,5
KW-16570,Kelly Williams,449.096,107.92699999999999,4
LA-16780,Laura Armstrong,8673.222,2059.1199,11
LB-16735,Larry Blacks,50.188,18.6507,3
LB-16795,Laurel Beltran,4985.676,-52.19099999999998,8
LC-16870,Lena Cacioppo,2580.7039999999997,-188.25110000000004,8
LC-16885,Lena Creighton,7663.126,1288.3469,12
LC-16930,Linda Cazamias,4492.946,288.26599999999996,8
LC-16960,Lindsay Castell,3246.626,299.48019999999997,4
LC-17050,Liz Carlisle,2095.064,86.77799999999999,5
LC-17140,Logan Currie,2633.582,231.12520000000004,9
LD-16855,Lela Donovan,5.304,0.4641,1
LD-17005,Lisa DeCherney,1961.934,557.1714,4
LE-16810,Laurel Elliston,1469.45,161.76489999999998,6
LF-17185,Luke Foster,3930.5089999999996,-3583.977,7
LH-16750,Larry Hughes,287.426,12.627699999999999,3
LH-16900,Lena Hernandez,2295.332,526.0727,9
LH-17020,Lisa Hazard,318.239,-242.73989999999998,4
LH-17155,Logan Haushalter,1739.689,316.5202,9
LL-16840,Lauren Leatherbury,2741.2039999999997,560.0078,6
LM-17065,Liz MacKendrick,1346.774,-44.87799999999999,5
LO-17170,Lori Olson,644.35,150.1712,5
LP-17080,Liz Pelletier,756.606,110.7813,4
LP-17095,Liz Preis,3653.399,338.44539999999995,7
LR-16915,Lena Radford,5142.892,535.4764,6
LR-17035,Lisa Ryan,1879.306,-382.8079,5
LS-16945,Linda Southworth,2845.27,-318.77369999999996,6
LS-16975,Lindsay Shagiari,2988.674,262.63669999999996,9
LS-17200,Luke Schmidt,1010.2560000000001,244.197,6
LS-17230,Lycoris Saunders,368.88000000000005,39.1952,3
LS-17245,Lynn Smith,1008.1360000000001,348.3584,6
LT-16765,Larry Tron,329.876,59.036,3
LT-17110,Liz Thompson,2936.252,320.973,8
LW-16825,Laurel Workman,2238.061,32.5767,5
LW-16990,Lindsay Williams,3230.308,662.8339000000001,6
LW-17125,Liz Willingham,1259.04,192.6312,3
LW-17215,Luke Weiss,5420.514,837.2411,7
MA-17560,Matt Abelman,4299.161,1240.2266,11
MA-17995,Michelle Arnett,2453.284,280.7822,6
MB-17305,Maria Bertelson,1548.702,212.425,10
MB-18085,Mick Brown,1428.231,117.8057,7
MC-17275,Marc Crier,2725.982,461.0014,8
MC-17425,Mark Cousins,4432.138,1802.3903,5
MC-17575,Matt Collins,1303.893,210.7493,8
MC-17590,Matt Collister,2426.067,288.98409999999996,6
MC-17605,Matt Connell,2258.192,195.4486,8
MC-17635,Matthew Clasen,795.154,-247.94350000000003,4
MC-17845,Michael Chen,3805.714,698.4174,7
MC-18100,Mick Crebagga,2218.98,-64.1668,10
MC-18130,Mike Caudle,1581.9979999999998,121.7565,5
MD-17350,Maribeth Dona,3766.382,-241.94999999999996,7
MD-17860,Michael Dominguez,1204.91,-4.040300000000002,5
ME-17320,Maria Etezadi,10663.728000000001,1859.4695,10
ME-17725,Max Engle,1908.4532,77.81280000000001,8
ME-18010,Michelle Ellison,1256.944,107.3604,4
MF-17665,Maureen Fritzler,937.039,-341.52650000000006,5
MF-18250,Monica Federle,1758.3,456.86080000000004,5
MG-17650,Matthew Grinstein,3785.276,341.898,7
MG-17680,Maureen Gastineau,2350.188,25.888599999999972,4
MG-17695,Maureen Gnade,1342.282,-398.79319999999996,3
MG-17875,Michael Grace,1242.8329999999999,-470.7684,5
MG-17890,Michael Granlund,776.384,171.7372,9
MG-18145,Mike Gockenbach,3061.543,-93.603,4
MG-18205,Mitch Gastineau,16.739,-1.2453,1
MH-17290,Marc Harrigan,2394.025,28.761200000000038,6
MH-17440,Mark Haberlin,400.016,61.428599999999996,4
MH-17455,Mark Hamilton,2456.1820000000002,484.77330000000006,8
MH-17620,Matt Hagelstein,1252.8,122.3612,4
MH-17785,Maya Herman,2203.7780000000002,238.5614,7
MH-18025,Michelle Huthwaite,2984.948,476.9032,5
MH-18115,Mick Hernandez,5503.093,170.9746,9
MJ-17740,Max Jones,6320.746,1054.5529000000001,7
MK-17905,Michael Kennedy,2302.368,-405.3559,8
MK-18160,Mike Kennedy,1031.602,227.83380000000002,4
ML-17395,Marina Lichtenstein,2722.843,684.9162,9
ML-17410,Maris LaWare,2921.5,-76.17550000000003,6
ML-17755,Max Ludwig,2071.9139999999998,409.51120000000003,7
ML-18040,Michelle Lonsdale,742.082,138.71620000000001,3
ML-18265,Muhammed Lee,162.232,42.6648,2
MM-17260,Magdelene Morse,1314.023,178.402,4
MM-17920,Michael Moore,3794.0800000000004,82.12499999999997,11
MM-18055,Michelle Moray,2749.881,-520.3443,8
MM-18280,Muhammed MacIntyre,775.414,58.8916,9
MN-17935,Michael Nguyen,2477.946,290.8227,6
MO-17500,Mary O'Rourke,922.487,59.357699999999994,4
MO-17800,Meg O'Connel,1687.0269999999998,169.34369999999998,8
MO-17950,Michael Oakman,154.288,-82.0074,2
MP-17470,Mark Packer,3206.132,600.2873,7
MP-17965,Michael Paige,3983.6420000000003,638.1563,9
MP-18175,Mike Pelletier,5087.92,226.4529,9
MR-17545,Mathew Reese,639.178,162.9363,4
MS-17365,Maribeth Schnelling,7443.6900000000005,844.9354999999998,10
MS-17530,MaryBeth Skach,475.65599999999995,84.0268,4
MS-17710,Maurice Satty,1613.402,247.4348,6
MS-17770,Maxwell Schwartz,3144.678,280.85839999999996,9
MS-17830,Melanie Seite,370.348,19.431199999999997,4
MS-17980,Michael Stewart,855.116,55.226,6
MT-17815,Meg Tillman,2890.139,509.0068,6
MT-18070,Michelle Tran,1319.4498,-23.676300000000005,4
MV-17485,Mark Van Huff,1560.05,189.0258,9
MV-18190,Mike Vittorini,1734.574,273.8582,7
MW-18220,Mitch Webber,5341.900000000001,1238.422,7
MW-18235,Mitch Willingham,5253.876,1665.516,2
MY-17380,Maribeth Yedwab,2254.285,319.1211,7
MY-18295,Muhammed Yedwab,4152.696,-371.7111,11
MZ-17335,Maria Zettner,593.606,85.01910000000001,4
MZ-17515,Mary Zewe,2564.906,787.7503,6
NB-18580,Nicole Brennan,273.87199999999996,24.788800000000002,2
NB-18655,Nona Balk,1972.599,117.6429,9
NC-18340,Nat Carroll,2461.404,580.3075,5
NC-18415,Nathan Cano,2218.9900000000002,-2204.8072,6
NC-18535,Nick Crebassa,8241.739,1314.758,7
NC-18625,Noah Childs,1821.742,-359.02099999999996,5
ND-18370,Natalie DeCherney,4326.139,353.64549999999997,9
ND-18460,Neil Ducich,2893.455,443.33680000000004,6
NF-18385,Natalie Fritzler,8322.826,-1695.9714,7
NF-18475,Neil Französisch,377.16200000000003,85.92779999999999,4
NF-18595,Nicole Fjeld,2031.472,388.2131,7
NG-18355,Nat Gilpin,1869.58,313.63349999999997,5
NG-18430,Nathan Gelder,1395.9379999999999,217.0893,5
NH-18610,Nicole Hansen,2673.29,760.1666,7
NK-18490,Neil Knudson,572.048,121.2177,7
NL-18310,Nancy Lomonaco,1418.0900000000001,343.6381,4
NM-18445,Nathan Mautz,6459.344,2751.6848999999997,7
NM-18520,Neoma Murray,2161.979,788.9525000000001,10
NP-18325,Naresj Patel,5529.62,1208.8890000000001,6
NP-18670,Nora Paige,3908.402,514.6002,5
NP-18685,Nora Pelletier,1228.698,514.5017,6
NP-18700,Nora Preis,7903.1825,631.2282,7
NR-18550,Nick Radford,2367.277,-25.148799999999966,5
NS-18505,Neola Schneider,2575.863,-12.303999999999997,4
NS-18640,Noel Staavos,2964.823,-234.7714,13
NW-18400,Natalie Webber,7234.014,1023.123,7
NZ-18565,Nick Zandusky,2488.31,402.4236,9
ON-18715,Odella Nelson,1567.52,-5.88900000000001,9
OT-18730,Olvera Toch,3818.624,-925.1203,5
PA-19060,Pete Armstrong,729.408,225.8588,6
PB-18805,Patrick Bzostek,740.356,229.2257,3
PB-19105,Peter Bühler,688.324,218.15970000000002,4
PB-19150,Philip Brown,1456.95,280.6606,8
PB-19210,Phillip Breyer,132.738,21.897000000000002,2
PC-18745,Pamela Coakley,1832.064,272.685,4
PC-19000,Pauline Chand,1061.488,-184.3364,2
PF-19120,Peter Fuller,9062.864,-614.2943000000001,4
PF-19165,Philip Fox,2770.0,196.87389999999996,6
PF-19225,Phillip Flathmann,2206.1279999999997,591.3118000000001,5
PG-18820,Patrick Gardner,3086.907,137.46130000000002,13
PG-18895,Paul Gonzalez,1987.164,334.5163,9
PH-18790,Patricia Hirasaki,729.648,47.8878,1
PJ-18835,Patrick Jones,1220.09,442.1355,8
PJ-19015,Pauline Johnson,1824.2340000000002,682.9979000000001,7
PK-18910,Paul Knutson,1441.152,-798.705,2
PK-19075,Pete Kriz,8646.934,2038.2676000000001,12
PL-18925,Paul Lucas,239.481,-0.7527000000000026,5
PM-18940,Paul MacIntyre,1405.402,157.8768,3
PM-19135,Peter McVee,4115.662,526.7537,4
PN-18775,Parhena Norris,1467.152,192.0396,8
PO-18850,Patrick O'Brill,7473.8282,38.47569999999996,11
PO-18865,Patrick O'Donnell,2493.214,437.8533,7
PO-19180,Philisse Overcash,4893.043,1155.4331,9
PO-19195,Phillina Ober,1056.858,-49.70089999999999,5
PP-18955,Paul Prost,7252.608,1495.0854,10
PR-18880,Patrick Ryan,1840.178,247.6226,5
PS-18760,Pamela Stobb,2181.479,-134.441,6
PS-18970,Paul Stevenson,1278.639,198.5099,8
PS-19045,Penelope Sewall,6843.634,1742.7296999999999,7
PT-19090,Pete Takahito,160.572,-20.0508,4
PV-18985,Paul Van Hugh,2876.046,434.52840000000003,5
PW-19030,Pauline Webber,3454.916,803.8169,10
PW-19240,Pierre Wener,3922.4150000000004,1290.354,7
QJ-19255,Quincy Jones,6108.338,1203.6768,9
RA-19285,Ralph Arnett,2617.906,546.0882,9
RA-19885,Ruben Ausman,3832.314,1292.8656,7
RA-19915,Russell Applegate,4793.543,304.8673,9
RA-19945,Ryan Akin,1686.9225,-445.695,5
RB-19330,Randy Bradley,1008.1959999999999,-164.40619999999998,2
RB-19360,Raymond Buch,15117.339,6976.0959,6
RB-19435,Richard Bierner,2663.0860000000002,477.23990000000003,8
RB-19465,Rick Bensley,4715.466,640.5466,12
RB-19570,Rob Beeghly,528.546,76.8879,5
RB-19645,Robert Barroso,221.084,72.679,5
RB-19705,Roger Barcio,2067.45,243.07549999999998,4
RB-19795,Ross Baird,5633.316000000001,-461.73319999999995,8
RC-19825,Roy Collins,966.409,63.991400000000006,6
RC-19960,Ryan Crowe,885.752,10.563300000000002,6
RD-19480,Rick Duston,4272.93,480.594,8
RD-19585,Rob Dowd,2912.8940000000002,734.5158,10
RD-19660,Robert Dilbeck,2786.632,835.772,5
RD-19720,Roger Demir,1419.737,207.3304,10
RD-19810,Ross DeVincentis,1137.616,318.4625,8
RD-19900,Ruben Dartt,3133.924,455.5292,9
RD-19930,Russell D'Ascenzo,970.9420000000001,35.05740000000001,4
RE-19405,Ricardo Emerson,48.36,6.045,1
RE-19450,Richard Eichhorn,876.696,209.2294,5
RF-19345,Randy Ferguson,3309.15,633.7072000000001,8
RF-19735,Roland Fjeld,2341.2960000000003,711.6168,7
RF-19840,Roy Französisch,945.222,280.0261,8
RH-19495,Rick Hansen,3621.3759999999997,563.7877,5
RH-19510,Rick Huthwaite,6979.18,1289.4535,6
RH-19555,Ritsa Hightower,740.382,0.30570000000000164,2
RH-19600,Rob Haberlin,2085.7400000000002,172.6261,3
RK-19300,Ralph Kennedy,1460.192,269.688,3
RL-19615,Rob Lucas,6234.91,488.14840000000004,8
RM-19375,Raymond Messe,1453.474,392.1499,6
RM-19675,Robert Marley,5979.0960000000005,1902.5438000000001,5
RM-19750,Roland Murray,98.35,28.6879,1
RO-19780,Rose O'Brian,3815.478,-1262.5716000000002,7
RP-19270,Rachel Payne,954.6452,59.538399999999996,4
RP-19390,Resi Pölking,5153.084,465.25030000000015,12
RP-19855,Roy Phan,2170.716,594.5868,8
RR-19315,Ralph Ritter,615.932,-73.835,2
RR-19525,Rick Reed,3302.2619999999997,721.6826,6
RS-19420,Ricardo Sperren,3221.29,633.4513999999999,5
RS-19765,Roland Schwarz,4159.7699999999995,1206.3851,8
RS-19870,Roy Skaria,22.328,9.5838,2
RW-19540,Rick Wilson,7397.401,1586.6273,7
RW-19630,Rob Williams,3279.746,698.8325,9
RW-19690,Robert Waldorf,3495.646,707.5503,5
SA-20830,Sue Ann Reed,4767.3415,610.1496000000001,10
SB-20170,Sarah Bern,1348.02,157.6658,3
SB-20185,Sarah Brown,6410.996,885.4623999999999,6
SB-20290,Sean Braxton,8057.891,-2082.7451,7
SC-20020,Sam Craven,3362.9636,-317.0508,5
SC-20050,Sample Company A,4624.572,1011.7443,9
SC-20095,Sanjit Chand,14142.333999999999,5757.411899999999,9
SC-20230,Scot Coram,4371.9580000000005,440.14099999999996,4
SC-20260,Scott Cohen,3729.7929999999997,671.0033999999999,8
SC-20305,Sean Christensen,3979.065,229.1617,7
SC-20380,Shahid Collister,5992.536,236.66149999999996,9
SC-20440,Shaun Chance,1874.998,379.5611,7
SC-20575,Sonia Cooley,902.7280000000001,100.2253,5
SC-20680,Steve Carroll,1254.64,370.1578,6
SC-20695,Steve Chapman,2576.408,611.8291,10
SC-20725,Steven Cartwright,5226.21,1276.6513,11
SC-20770,Stewart Carmichael,4492.657,-671.1874,7
SC-20800,Stuart Calhoun,279.25600000000003,51.8252,4
SC-20845,Sung Chung,280.632,31.1757,2
SD-20485,Shirley Daniels,6121.114,1985.1671999999999,9
SE-20110,Sanjit Engle,12209.438000000002,2650.6769,11
SF-20065,Sandra Flanagan,763.5459999999999,228.1623,7
SF-20200,Sarah Foster,3422.7859999999996,286.9046,9
SF-20965,Sylvia Foulston,3336.535,539.9352,9
SG-20080,Sandra Glassco,3406.5809999999997,570.438,3
SG-20470,Sheri Gordon,1884.798,-119.0105,8
SG-20605,Speros Goranitis,3124.832,463.269,6
SG-20890,Susan Gilcrest,47.946,-3.7073,3
SH-19975,Sally Hughsby,3406.8395,558.4739999999999,13
SH-20395,Shahid Hopkins,2180.718,-144.5229,10
SH-20635,Stefanie Holloman,2096.392,260.6258,2
SJ-20125,Sanjit Jacobs,3949.656,144.1189,12
SJ-20215,Sarah Jordon,1341.036,-23.5137,6
SJ-20500,Shirley Jackson,1318.776,68.09629999999999,5
SK-19990,Sally Knutson,883.409,168.7933,3
SL-20155,Sara Luxemburg,3053.012,527.9715,7
SM-20005,Sally Matthias,244.49399999999997,-26.5927,4
SM-20320,Sean Miller,25043.05,-1980.7393,5
SM-20905,Susan MacKendrick,1043.041,-237.2885,1
SM-20950,Suzanne McNair,5563.392,581.5741999999999,12
SN-20560,Skye Norling,1860.418,-716.8565000000001,6
SN-20710,Steve Nguyen,3127.9592,481.74989999999997,7
SO-20335,Sean O'Donnell,2602.5755,-81.0858,6
SP-20545,Sibella Parks,1306.086,-118.77570000000001,6
SP-20620,Stefania Perrino,5440.319,-270.42819999999995,9
SP-20650,Stephanie Phelps,1872.4360000000001,268.4782,9
SP-20860,Sung Pak,4282.94,566.7226,10
SP-20920,Susan Pistek,3990.689,14.692400000000003,6
SR-20425,Sharelle Roach,3233.481,-3333.9144,5
SR-20740,Steven Roelle,4345.8859999999995,1990.4243999999999,8
SS-20140,Saphhira Shifley,1324.028,332.3487,8
SS-20410,Shahid Shariari,3056.8070000000002,-1010.9738,6
SS-20515,Shirley Schmidt,613.4,199.93449999999999,3
SS-20590,Sonia Sunley,418.49,135.5401,6
SS-20875,Sung Shariari,964.636,-75.586,5
ST-20530,Shui Tom,433.34000000000003,84.4419,7
SU-20665,Stephanie Ulpright,2595.364,763.4719,7
SV-20365,Seth Vernon,11470.949999999999,1199.4242,10
SV-20785,Stewart Visinsky,4105.305,485.0272,9
SV-20815,Stuart Van,1271.0900000000001,199.6502,4
SV-20935,Susan Vittorini,1903.491,106.8912,8
SW-20245,Scot Wooten,1085.078,-19.60620000000001,7
SW-20275,Scott Williamson,1966.65,332.8725,6
SW-20350,Sean Wendt,1019.044,95.8383,3
SW-20455,Shaun Weien,2921.544,793.6548,7
SW-20755,Steven Ward,758.6959999999999,68.2416,2
SZ-20035,Sam Zeldin,3625.329,366.43030000000005,11
TA-21385,Tom Ashbrook,14595.62,4703.7883,4
TB-21055,Ted Butterfield,1467.881,390.2113,5
TB-21175,Thomas Boland,3589.296,829.1635,4
TB-21190,Thomas Brumley,816.1740000000001,179.0038,4
TB-21250,Tim Brockman,1602.376,260.6155,7
TB-21280,Toby Braunhardt,2198.45,490.9567,6
TB-21355,Todd Boyes,834.328,268.967,5
TB-21400,Tom Boeckenhauer,9133.99,2798.3689,7
TB-21520,Tracy Blumstein,4737.486,-1603.0451,9
TB-21595,Troy Blackwell,1387.559,-136.4091,5
TB-21625,Trudy Brown,2797.668,379.882,9
TC-20980,Tamara Chand,19052.218,8981.323900000001,5
TC-21145,Theresa Coyne,1038.26,265.5332,1
TC-21295,Toby Carlisle,4266.812,606.3727,8
TC-21475,Tony Chapman,1244.976,119.104,9
TC-21535,Tracy Collins,742.5580000000001,217.933,7
TD-20995,Tamara Dahlen,1434.5480000000002,88.1897,9
TG-21310,Toby Gnade,3058.372,682.1704,5
TG-21640,Trudy Glocke,2074.661,365.7205,4
TH-21100,Thea Hendricks,2422.824,-135.2125,5
TH-21115,Thea Hudgings,2942.772,-252.5539,4
TH-21235,Tiffany House,1022.201,92.729,8
TH-21550,Tracy Hopkins,4234.0960000000005,-571.9678,7
TM-21010,Tamara Manning,2955.2259999999997,573.3013,8
TM-21490,Tony Molinari,1094.6779999999999,292.52099999999996,3
TN-21040,Tanja Norvell,3130.221,-692.0452,7
TP-21130,Theone Pippenger,4454.0560000000005,1129.1261,9
TP-21415,Tom Prescott,5329.0048,-1087.3898,5
TP-21565,Tracy Poddar,1936.6399999999999,139.22869999999995,4
TR-21325,Toby Ritter,675.9419999999999,220.36440000000002,5
TS-21085,Thais Sissman,4.833,-3.3156,2
TS-21160,Theresa Swint,2163.6240000000003,260.87440000000004,6
TS-21205,Thomas Seio,5371.09,862.8877,7
TS-21340,Toby Swindell,974.7819999999999,-184.97889999999998,5
TS-21370,Todd Sumrall,11891.751,2371.7144000000003,6
TS-21430,Tom Stivers,2054.14,48.70169999999999,5
TS-21505,Tony Sayre,2243.274,11.377899999999983,6
TS-21610,Troy Staebel,2820.424,-294.6981,7
TS-21655,Trudy Schmidt,3368.094,220.91629999999998,5
TT-21070,Ted Trevino,4915.602,751.9567,7
TT-21220,Thomas Thornton,1427.0439999999999,278.7371,8
TT-21265,Tim Taslimi,439.5,93.9162,3
TT-21460,Tonja Turnell,5364.808,1124.4999,7
TW-21025,Tamara Willingham,5278.826,737.3905,7
TZ-21580,Tracy Zic,1707.286,224.8887,4
VB-21745,Victoria Brennan,2005.596,371.2398,6
VD-21670,Valerie Dominguez,6442.254,1617.7874000000002,6
VF-21715,Vicky Freymann,847.944,-96.27799999999999,5
VG-21790,Vivek Gonzalez,846.01,143.6268,6
VG-21805,Vivek Grady,427.372,-52.333,5
VM-21685,Valerie Mitchum,2454.866,513.5269,7
VM-21835,Vivian Mathis,380.69,116.6373,5
VP-21730,Victor Preis,993.9019999999999,205.3888,3
VP-21760,Victoria Pisteka,3360.526,-1018.7768,7
VS-21820,Vivek Sundaresam,1055.981,-262.8093,4
VT-21700,Valerie Takahito,1736.596,-224.08889999999997,2
VW-21775,Victoria Wilson,6134.0380000000005,-874.6645,10
WB-21850,William Brown,6160.102,714.3311,11
XP-21865,Xylona Preis,2374.658,621.23,11
YC-21895,Yoseph Carroll,5454.35,1305.629,5
YS-21880,Yana Sorensen,6720.4439999999995,1778.2923,8
ZC-21910,Zuschuss Carroll,8025.707,-1032.1490000000001,13
ZD-21925,Zuschuss Donatelli,1493.944,249.1307,5
